your coment 1	your coment 11	your coment 21	your coment 31	your coment 41
your coment 2	your coment 12	your coment 22	your coment 32	your coment 42
your coment 3	your coment 13	your coment 23	your coment 33	your coment 43
your coment 4	your coment 14	your coment 24	your coment 34	your coment 44
your coment 5	your coment 15	your coment 25	your coment 35	your coment 45
your coment 6	your coment 16	your coment 26	your coment 36	your coment 46
your coment 7	your coment 17	your coment 27	your coment 37	your coment 47
your coment 8	your coment 18	your coment 28	your coment 38	your coment 48
your coment 9	your coment 19	your coment 29	your coment 39	your coment 49
your coment 10	your coment 20	your coment 30	your coment 40	your coment 50
